{
  "seeds": [
    20260408,
    20260409,
    20260410,
    20260411,
    20260412
  ],
  "random_iter": 60,
  "local_iter": 30,
  "folds": [
    {
      "seed": 20260408,
      "weights": {
        "deception": 2.311,
        "resource_hoarding": 1.664,
        "social_graph": 2.358,
        "intent_drift": 1.638,
        "compromise": 0.102,
        "semantic": 1.04,
        "swarm_detection": 0.156,
        "temporal": 2.794,
        "economic": 2.648,
        "identity": 2.512,
        "neuro": 0.992,
        "embedding": 0.268,
        "contrastive": 2.646,
        "fidelity": 2.846,
        "silence": 0.348
      },
      "train_threshold": 55.0,
      "train_metrics": {
        "f1": 0.9716981132075472,
        "precision": 0.944954128440367,
        "recall": 1.0,
        "fpr": 0.005780346820809248,
        "auc": 0.999055315487214
      },
      "test_metrics": {
        "f1": 0.9951690821256038,
        "precision": 0.9903846153846154,
        "recall": 1.0,
        "fpr": 0.003861003861003861,
        "auc": 0.999775087153728
      },
      "elapsed_s": 35.422828166978434
    },
    {
      "seed": 20260409,
      "weights": {
        "deception": 2.05,
        "resource_hoarding": 1.795,
        "social_graph": 2.485,
        "intent_drift": 2.827,
        "compromise": 0.414,
        "semantic": 0.778,
        "swarm_detection": 0.173,
        "temporal": 2.664,
        "economic": 1.728,
        "identity": 2.754,
        "neuro": 0.742,
        "embedding": 0.283,
        "contrastive": 2.489,
        "fidelity": 2.737,
        "silence": 0.976
      },
      "train_threshold": 50.0,
      "train_metrics": {
        "f1": 0.976303317535545,
        "precision": 0.9537037037037037,
        "recall": 1.0,
        "fpr": 0.004816955684007707,
        "auc": 0.9995510410236265
      },
      "test_metrics": {
        "f1": 0.985645933014354,
        "precision": 0.9716981132075472,
        "recall": 1.0,
        "fpr": 0.011583011583011582,
        "auc": 0.9987629793455036
      },
      "elapsed_s": 35.8401578750927
    },
    {
      "seed": 20260410,
      "weights": {
        "deception": 1.892,
        "resource_hoarding": 2.034,
        "social_graph": 1.888,
        "intent_drift": 1.501,
        "compromise": 1.515,
        "semantic": 0.119,
        "swarm_detection": 1.7,
        "temporal": 0.134,
        "economic": 1.635,
        "identity": 0.897,
        "neuro": 2.935,
        "embedding": 0.1,
        "contrastive": 2.258,
        "fidelity": 2.055,
        "silence": 2.438
      },
      "train_threshold": 50.0,
      "train_metrics": {
        "f1": 0.985645933014354,
        "precision": 0.9716981132075472,
        "recall": 1.0,
        "fpr": 0.002890173410404624,
        "auc": 0.9992330284153619
      },
      "test_metrics": {
        "f1": 0.9951690821256038,
        "precision": 0.9903846153846154,
        "recall": 1.0,
        "fpr": 0.003861003861003861,
        "auc": 0.9987629793455036
      },
      "elapsed_s": 42.926277957856655
    },
    {
      "seed": 20260411,
      "weights": {
        "deception": 1.369,
        "resource_hoarding": 1.903,
        "social_graph": 2.648,
        "intent_drift": 0.37,
        "compromise": 2.463,
        "semantic": 0.63,
        "swarm_detection": 1.262,
        "temporal": 2.891,
        "economic": 0.888,
        "identity": 1.219,
        "neuro": 2.567,
        "embedding": 2.42,
        "contrastive": 1.982,
        "fidelity": 2.411,
        "silence": 0.428
      },
      "train_threshold": 55.0,
      "train_metrics": {
        "f1": 0.9626168224299065,
        "precision": 0.9279279279279279,
        "recall": 1.0,
        "fpr": 0.007707129094412331,
        "auc": 0.998840189311035
      },
      "test_metrics": {
        "f1": 0.9809523809523809,
        "precision": 0.9626168224299065,
        "recall": 1.0,
        "fpr": 0.015444015444015444,
        "auc": 0.9987629793455036
      },
      "elapsed_s": 35.781119166873395
    },
    {
      "seed": 20260412,
      "weights": {
        "deception": 0.788,
        "resource_hoarding": 1.467,
        "social_graph": 1.878,
        "intent_drift": 1.161,
        "compromise": 1.546,
        "semantic": 0.711,
        "swarm_detection": 2.132,
        "temporal": 1.18,
        "economic": 2.578,
        "identity": 0.911,
        "neuro": 0.622,
        "embedding": 0.48,
        "contrastive": 1.77,
        "fidelity": 0.763,
        "silence": 0.39
      },
      "train_threshold": 55.0,
      "train_metrics": {
        "f1": 0.9702970297029703,
        "precision": 0.98989898989899,
        "recall": 0.9514563106796117,
        "fpr": 0.0009633911368015414,
        "auc": 0.999485567839572
      },
      "test_metrics": {
        "f1": 0.9702970297029703,
        "precision": 0.98989898989899,
        "recall": 0.9514563106796117,
        "fpr": 0.003861003861003861,
        "auc": 0.9988754357686397
      },
      "elapsed_s": 34.76791783305816
    }
  ],
  "weight_stability": {
    "compromise": {
      "mean": 1.208,
      "std": 0.8528997596435351,
      "cv_pct": 70.60428468025599
    },
    "contrastive": {
      "mean": 2.229,
      "std": 0.32063062860556535,
      "cv_pct": 14.384505538883817
    },
    "deception": {
      "mean": 1.682,
      "std": 0.5426545862701244,
      "cv_pct": 32.26246052006539
    },
    "economic": {
      "mean": 1.8954,
      "std": 0.6546808688208324,
      "cv_pct": 34.540512212484295
    },
    "embedding": {
      "mean": 0.7101999999999999,
      "std": 0.8633415083268033,
      "cv_pct": 121.5631522262985
    },
    "fidelity": {
      "mean": 2.1624,
      "std": 0.7522142248056733,
      "cv_pct": 34.786081412218486
    },
    "identity": {
      "mean": 1.6586000000000003,
      "std": 0.8075123776141143,
      "cv_pct": 48.686384729726896
    },
    "intent_drift": {
      "mean": 1.4994,
      "std": 0.7964663458050188,
      "cv_pct": 53.119003953169845
    },
    "neuro": {
      "mean": 1.5716,
      "std": 0.9773017139041557,
      "cv_pct": 62.18514337505116
    },
    "resource_hoarding": {
      "mean": 1.7726,
      "std": 0.19545904941956507,
      "cv_pct": 11.026686748803915
    },
    "semantic": {
      "mean": 0.6556,
      "std": 0.3014661506703531,
      "cv_pct": 45.98324438842597
    },
    "silence": {
      "mean": 0.916,
      "std": 0.7946732661918358,
      "cv_pct": 86.7547232886778
    },
    "social_graph": {
      "mean": 2.2514,
      "std": 0.3145508543940074,
      "cv_pct": 13.971344685719727
    },
    "swarm_detection": {
      "mean": 1.0846,
      "std": 0.80006839707615,
      "cv_pct": 73.76621762294742
    },
    "temporal": {
      "mean": 1.9326,
      "std": 1.0951579977336605,
      "cv_pct": 56.66759790784355
    }
  },
  "metric_stability": {
    "train_metrics": {
      "f1": {
        "mean": 0.9733122431780646,
        "std": 0.007578329415273633,
        "min": 0.9626168224299065,
        "max": 0.985645933014354
      },
      "precision": {
        "mean": 0.9576365726357071,
        "std": 0.02143597868118443,
        "min": 0.9279279279279279,
        "max": 0.98989898989899
      },
      "recall": {
        "mean": 0.9902912621359224,
        "std": 0.01941747572815533,
        "min": 0.9514563106796117,
        "max": 1.0
      },
      "fpr": {
        "mean": 0.00443159922928709,
        "std": 0.0023281398793053125,
        "min": 0.0009633911368015414,
        "max": 0.007707129094412331
      },
      "auc": {
        "mean": 0.9992330284153619,
        "std": 0.00026488209698461004,
        "min": 0.998840189311035,
        "max": 0.9995510410236265
      }
    },
    "test_metrics": {
      "f1": {
        "mean": 0.9854467015841827,
        "std": 0.009368036464457372,
        "min": 0.9702970297029703,
        "max": 0.9951690821256038
      },
      "precision": {
        "mean": 0.9809966312611349,
        "std": 0.011660191180146525,
        "min": 0.9626168224299065,