{
  "n_boot": 1000,
  "seed": 20260408,
  "n_holdout": 362,
  "threshold": 55.0,
  "f1": {
    "mean": 0.9954016961295283,
    "std": 0.004448558647052831,
    "ci_lo": 0.9852142485828156,
    "ci_hi": 1.0
  },
  "recall": {
    "mean": 1.0,
    "std": 0.0,
    "ci_lo": 1.0,
    "ci_hi": 1.0
  },
  "fpr": {
    "mean": 0.003694513234319251,
    "std": 0.0035920794089881513,
    "ci_lo": 0.0,
    "ci_hi": 0.011764705882352941
  },
  "precision": {
    "mean": 0.9908843944016725,
    "std": 0.008786307109014147,
    "ci_lo": 0.9708593674901471,
    "ci_hi": 1.0
  },
  "v5_1_point_estimate": {
    "f1": 0.9951690821256038,
    "precision": 0.9903846153846154,
    "recall": 1.0,
    "fpr": 0.003861003861003861
  }
}